id,success,bounds
DRIVE_22,True,"{'hw': (584, 565), 'center': (np.float64(283.1776698038072), np.float64(298.94682376098376)), 'radius': np.float64(267.82473071637315), 'lines': {}}"
HRF_04_g,True,"{'hw': (2336, 3504), 'center': (np.float64(1758.1952989807132), np.float64(1165.558869949377)), 'radius': np.float64(1629.8280290097834), 'lines': {'top': [[0.0, -1.924548079322335], [3504.0, -2.4416488956251214]], 'bottom': [[0.0, 2335.648877455996], [3504.0, 2337.233814153155]]}}"
CHASEDB1_12R,True,"{'hw': (960, 999), 'center': (np.float64(493.05649467372723), np.float64(478.3997980560687)), 'radius': np.float64(458.87898973840856), 'lines': {}}"
HRF_07_dr,True,"{'hw': (2336, 3504), 'center': (np.float64(1760.6647677084188), np.float64(1165.347997355368)), 'radius': np.float64(1630.4566611000748), 'lines': {'top': [[0.0, 0.8991226054007484], [3504.0, -2.9786508813120918]], 'bottom': [[0.0, 2337.6184704631028], [3504.0, 2338.3672417830567]]}}"
DRIVE_40,True,"{'hw': (584, 565), 'center': (np.float64(281.32005372610536), np.float64(299.48564690593)), 'radius': np.float64(267.59436784437713), 'lines': {}}"
CHASEDB1_08L,True,"{'hw': (960, 999), 'center': (np.float64(493.15861300652193), np.float64(478.5875670375119)), 'radius': np.float64(445.84881040306396), 'lines': {}}"
